{"cameraMode":{"drawMode":0,"name":"Shaded","section":"Shading Mode"},"sceneLighting":false,"audioPlay":false,"sceneViewState":{"showFog":true,"showMaterialUpdate":false,"showSkybox":false,"showFlares":true,"showImageEffects":true,"showParticleSystems":true},"in2DMode":false,"pivot":{"x":-9.77874755859375,"y":0.7967547178268433,"z":14.998976707458496},"rotation":{"x":0.10057562589645386,"y":0.08436565846204758,"z":-0.008606062270700932,"w":0.9913884401321411},"size":0.8341920375823975,"orthographic":false}