{"cameraMode":{"drawMode":0,"name":"Shaded","section":"Shading Mode"},"sceneLighting":false,"audioPlay":false,"sceneViewState":{"showFog":true,"showMaterialUpdate":false,"showSkybox":false,"showFlares":true,"showImageEffects":true,"showParticleSystems":true},"in2DMode":false,"pivot":{"x":0.22245769202709199,"y":-2.5286083221435549,"z":-5.83204984664917},"rotation":{"x":0.0016461883205920458,"y":0.9821752309799194,"z":-0.1878809779882431,"w":0.008850287646055222},"size":3.9658076763153078,"orthographic":false}