{"cameraMode":{"drawMode":0,"name":"Shaded","section":"Shading Mode"},"sceneLighting":false,"audioPlay":false,"sceneViewState":{"showFog":true,"showMaterialUpdate":false,"showSkybox":false,"showFlares":true,"showImageEffects":true,"showParticleSystems":true},"in2DMode":false,"pivot":{"x":-15.313899993896485,"y":-16.672542572021486,"z":-11.14758014678955},"rotation":{"x":-0.08202128112316132,"y":0.890049934387207,"z":-0.17718558013439179,"w":-0.41196954250335696},"size":10.0,"orthographic":false}