{"cameraMode":{"drawMode":0,"name":"Shaded","section":"Shading Mode"},"sceneLighting":false,"audioPlay":false,"sceneViewState":{"showFog":true,"showMaterialUpdate":false,"showSkybox":false,"showFlares":true,"showImageEffects":true,"showParticleSystems":true},"in2DMode":false,"pivot":{"x":-10.37451171875,"y":0.4077376425266266,"z":14.971343994140625},"rotation":{"x":0.2206156700849533,"y":-0.3537188768386841,"z":0.08618967235088349,"w":0.90495365858078},"size":1.0118253231048585,"orthographic":false}