{"cameraMode":{"drawMode":0,"name":"Shaded","section":"Shading Mode"},"sceneLighting":false,"audioPlay":false,"sceneViewState":{"showFog":true,"showMaterialUpdate":false,"showSkybox":false,"showFlares":true,"showImageEffects":true,"showParticleSystems":true},"in2DMode":false,"pivot":{"x":-1.1813368797302247,"y":-0.5447222590446472,"z":0.7217518091201782},"rotation":{"x":0.2819536328315735,"y":-0.1622294932603836,"z":0.04841160029172897,"w":0.9444621205329895},"size":1.3856406211853028,"orthographic":false}