{"cameraMode":{"drawMode":0,"name":"Shaded","section":"Shading Mode"},"sceneLighting":false,"audioPlay":false,"sceneViewState":{"showFog":true,"showMaterialUpdate":false,"showSkybox":false,"showFlares":true,"showImageEffects":true,"showParticleSystems":true},"in2DMode":false,"pivot":{"x":0.41535526514053347,"y":3.1481919288635256,"z":0.26171496510505679},"rotation":{"x":-0.16857488453388215,"y":0.7445554137229919,"z":-0.20485690236091615,"w":-0.6126275062561035},"size":3.3000171184539797,"orthographic":false}