{"cameraMode":{"drawMode":0,"name":"Shaded","section":"Shading Mode"},"sceneLighting":false,"audioPlay":false,"sceneViewState":{"showFog":true,"showMaterialUpdate":false,"showSkybox":false,"showFlares":true,"showImageEffects":true,"showParticleSystems":true},"in2DMode":false,"pivot":{"x":-0.40621328353881838,"y":0.6798065900802612,"z":0.16845464706420899},"rotation":{"x":0.03102252446115017,"y":-0.9689561724662781,"z":0.16493286192417146,"w":0.18201716244220735},"size":2.2755463123321535,"orthographic":false}