{"cameraMode":{"drawMode":0,"name":"Shaded","section":"Shading Mode"},"sceneLighting":false,"audioPlay":false,"sceneViewState":{"showFog":true,"showMaterialUpdate":false,"showSkybox":false,"showFlares":true,"showImageEffects":true,"showParticleSystems":true},"in2DMode":false,"pivot":{"x":-0.005591388791799545,"y":0.21841078996658326,"z":-0.11175736784934998},"rotation":{"x":0.25987598299980166,"y":-0.42709338665008547,"z":0.12957650423049928,"w":0.8564066290855408},"size":0.4838685095310211,"orthographic":false}