{"cameraMode":{"drawMode":0,"name":"Shaded","section":"Shading Mode"},"sceneLighting":true,"audioPlay":false,"sceneViewState":{"showFog":true,"showMaterialUpdate":false,"showSkybox":true,"showFlares":true,"showImageEffects":true,"showParticleSystems":true},"in2DMode":false,"pivot":{"x":-3.5585110187530519,"y":1.1691851615905762,"z":-0.433133602142334},"rotation":{"x":-0.1031375601887703,"y":0.8949518203735352,"z":-0.3368556499481201,"w":-0.2738843560218811},"size":3.9602043628692629,"orthographic":false}