{"cameraMode":{"drawMode":0,"name":"Shaded","section":"Shading Mode"},"sceneLighting":true,"audioPlay":false,"sceneViewState":{"showFog":true,"showMaterialUpdate":false,"showSkybox":true,"showFlares":true,"showImageEffects":true,"showParticleSystems":true},"in2DMode":false,"pivot":{"x":-2.623843193054199,"y":2.0213544368743898,"z":-0.1955738067626953},"rotation":{"x":-0.07067651301622391,"y":0.9291340708732605,"z":-0.26767557859420779,"w":-0.24516712129116059},"size":3.034074068069458,"orthographic":false}