{"cameraMode":{"drawMode":0,"name":"Shaded","section":"Shading Mode"},"sceneLighting":true,"audioPlay":false,"sceneViewState":{"showFog":true,"showMaterialUpdate":false,"showSkybox":true,"showFlares":true,"showImageEffects":true,"showParticleSystems":true},"in2DMode":false,"pivot":{"x":13.288739204406739,"y":-3.5027623176574709,"z":1.78172767162323},"rotation":{"x":0.07594673335552216,"y":0.9228935241699219,"z":-0.2900620996952057,"w":0.24181482195854188},"size":5.988096237182617,"orthographic":false}