{"cameraMode":{"drawMode":0,"name":"Shaded","section":"Shading Mode"},"sceneLighting":false,"audioPlay":false,"sceneViewState":{"showFog":true,"showMaterialUpdate":false,"showSkybox":false,"showFlares":true,"showImageEffects":true,"showParticleSystems":true},"in2DMode":false,"pivot":{"x":0.6122803688049316,"y":1.1557774543762208,"z":0.3163135051727295},"rotation":{"x":0.0061810738407075409,"y":0.9830151200294495,"z":-0.18041130900382996,"w":0.0339377336204052},"size":1.1409885883331299,"orthographic":false}