{"cameraMode":{"drawMode":0,"name":"Shaded","section":"Shading Mode"},"sceneLighting":true,"audioPlay":false,"sceneViewState":{"showFog":true,"showMaterialUpdate":false,"showSkybox":false,"showFlares":true,"showImageEffects":true,"showParticleSystems":true},"in2DMode":false,"pivot":{"x":32.020721435546878,"y":3.3400819301605226,"z":-10.527467727661133},"rotation":{"x":0.17052455246448518,"y":-0.7824786901473999,"z":0.24384348094463349,"w":0.547110915184021},"size":5.289078235626221,"orthographic":false}