{"cameraMode":{"drawMode":0,"name":"Shaded","section":"Shading Mode"},"sceneLighting":false,"audioPlay":false,"sceneViewState":{"showFog":true,"showMaterialUpdate":false,"showSkybox":false,"showFlares":true,"showImageEffects":true,"showParticleSystems":true},"in2DMode":false,"pivot":{"x":-0.6152271628379822,"y":0.704167366027832,"z":-0.24091903865337373},"rotation":{"x":0.2713129222393036,"y":-0.04965093359351158,"z":0.013993184082210064,"w":0.961194634437561},"size":0.8341918587684631,"orthographic":false}