{"cameraMode":{"drawMode":0,"name":"Shaded","section":"Shading Mode"},"sceneLighting":false,"audioPlay":false,"sceneViewState":{"showFog":true,"showMaterialUpdate":false,"showSkybox":false,"showFlares":true,"showImageEffects":true,"showParticleSystems":true},"in2DMode":false,"pivot":{"x":-2.1182680130004885,"y":-0.22040289640426637,"z":-1.8536090850830079},"rotation":{"x":0.04697186127305031,"y":-0.8349665403366089,"z":0.0720490887761116,"w":0.5436954498291016},"size":2.740077257156372,"orthographic":false}